id,ID_aoe2api
101,19
1021,
103,12
104,31
109,9
117,54
1189,
1251,
12,1
155,56
1665,
1734,
1754,
1806,
1808,
1889,
199,4
209,35
234,57
235,59
236,58
276,50
45,2
487,53
49,32
50,3
562,6
584,8
598,51
621,9
68,7
70,5
71,9
72,52
792,53
79,55
82,24
84,16
87,10
